[
  {
    "id": "1",
    "bankName": "GE Capital Super Bank",
    "accountNumber": "1111 2222 3333 4444",
    "swiftCode": "QWERGB88XXX",
    "currencyCode": "GBP"
  },
  {
    "id": "2",
    "bankName": "GE Capital US Bank",
    "accountNumber": "2222 3333 4444 5555",
    "swiftCode": "QWERUS88XXX",
    "currencyCode": "USD"
  },
  {
    "id": "3",
    "bankName": "GE Capital EUR Bank",
    "accountNumber": "2222 3333 4444 5555",
    "swiftCode": "QWEREU88XXX",
    "currencyCode": "EUR"
  }
]