[{"exposureId":"1"},
{"exposureId":"2"},
{"exposureId":"3"},
{"exposureId":"4"},
{"exposureId":"5"},
{"exposureId":"6"},
{"exposureId":"7"},
{"exposureId":"8"},
{"exposureId":"9"},
{"exposureId":"10"},
{"exposureId":"11"},
{"exposureId":"12"},
{"exposureId":"13"},
{"exposureId":"14"},
{"exposureId":"15"},
{"exposureId":"16"},
{"exposureId":"17"},
{"exposureId":"18"},
{"exposureId":"19"},
{"exposureId":"20"},
{"exposureId":"21"},
{"exposureId":"22"},
{"exposureId":"23"},
{"exposureId":"24"},
{"exposureId":"25"},
{"exposureId":"26"},
{"exposureId":"27"},
{"exposureId":"28"},
{"exposureId":"29"},
{"exposureId":"30"},
{"exposureId":"31"},
{"exposureId":"32"},
{"exposureId":"33"},
{"exposureId":"34"},
{"exposureId":"35"},
{"exposureId":"36"},
{"exposureId":"37"},
{"exposureId":"38"},
{"exposureId":"39"},
{"exposureId":"40"},
{"exposureId":"41"},
{"exposureId":"42"},
{"exposureId":"43"},
{"exposureId":"44"},
{"exposureId":"45"},
{"exposureId":"46"},
{"exposureId":"47"},
{"exposureId":"48"},
{"exposureId":"49"},
{"exposureId":"50"},
{"exposureId":"51"},
{"exposureId":"52"},
{"exposureId":"53"},
{"exposureId":"54"},
{"exposureId":"55"},
{"exposureId":"56"},
{"exposureId":"57"},
{"exposureId":"58"},
{"exposureId":"59"},
{"exposureId":"60"},
{"exposureId":"61"},
{"exposureId":"62"},
{"exposureId":"63"},
{"exposureId":"64"},
{"exposureId":"65"},
{"exposureId":"66"},
{"exposureId":"67"},
{"exposureId":"68"},
{"exposureId":"69"},
{"exposureId":"70"},
{"exposureId":"71"},
{"exposureId":"72"},
{"exposureId":"73"},
{"exposureId":"74"},
{"exposureId":"75"},
{"exposureId":"76"},
{"exposureId":"77"},
{"exposureId":"78"},
{"exposureId":"79"},
{"exposureId":"80"},
{"exposureId":"81"},
{"exposureId":"82"},
{"exposureId":"83"},
{"exposureId":"84"},
{"exposureId":"85"},
{"exposureId":"86"},
{"exposureId":"87"},
{"exposureId":"88"},
{"exposureId":"89"},
{"exposureId":"90"},
{"exposureId":"91"},
{"exposureId":"92"},
{"exposureId":"93"},
{"exposureId":"94"},
{"exposureId":"95"},
{"exposureId":"96"},
{"exposureId":"97"},
{"exposureId":"98"},
{"exposureId":"99"},
{"exposureId":"100"},
{"exposureId":"101"},
{"exposureId":"102"},
{"exposureId":"103"},
{"exposureId":"104"},
{"exposureId":"105"},
{"exposureId":"106"},
{"exposureId":"107"},
{"exposureId":"108"},
{"exposureId":"109"},
{"exposureId":"110"},
{"exposureId":"111"},
{"exposureId":"112"},
{"exposureId":"113"},
{"exposureId":"114"},
{"exposureId":"115"},
{"exposureId":"116"},
{"exposureId":"117"},
{"exposureId":"118"},
{"exposureId":"119"},
{"exposureId":"120"},
{"exposureId":"121"},
{"exposureId":"122"},
{"exposureId":"123"},
{"exposureId":"124"},
{"exposureId":"125"},
{"exposureId":"126"},
{"exposureId":"127"},
{"exposureId":"128"},
{"exposureId":"129"},
{"exposureId":"130"},
{"exposureId":"131"},
{"exposureId":"132"},
{"exposureId":"133"},
{"exposureId":"134"},
{"exposureId":"135"},
{"exposureId":"136"},
{"exposureId":"137"},
{"exposureId":"138"},
{"exposureId":"139"},
{"exposureId":"140"},
{"exposureId":"141"},
{"exposureId":"142"},
{"exposureId":"143"},
{"exposureId":"144"},
{"exposureId":"145"},
{"exposureId":"146"},
{"exposureId":"147"},
{"exposureId":"148"},
{"exposureId":"149"},
{"exposureId":"150"},
{"exposureId":"151"},
{"exposureId":"152"},
{"exposureId":"153"},
{"exposureId":"154"},
{"exposureId":"155"},
{"exposureId":"156"},
{"exposureId":"157"},
{"exposureId":"158"},
{"exposureId":"159"},
{"exposureId":"160"},
{"exposureId":"161"},
{"exposureId":"162"},
{"exposureId":"163"},
{"exposureId":"164"},
{"exposureId":"165"},
{"exposureId":"166"},
{"exposureId":"167"},
{"exposureId":"168"},
{"exposureId":"169"},
{"exposureId":"170"},
{"exposureId":"171"},
{"exposureId":"172"},
{"exposureId":"173"},
{"exposureId":"174"},
{"exposureId":"175"},
{"exposureId":"176"},
{"exposureId":"177"},
{"exposureId":"178"},
{"exposureId":"179"},
{"exposureId":"180"},
{"exposureId":"181"},
{"exposureId":"182"},
{"exposureId":"183"},
{"exposureId":"184"},
{"exposureId":"185"},
{"exposureId":"186"},
{"exposureId":"187"},
{"exposureId":"188"},
{"exposureId":"189"},
{"exposureId":"190"},
{"exposureId":"191"},
{"exposureId":"192"},
{"exposureId":"193"},
{"exposureId":"194"},
{"exposureId":"195"},
{"exposureId":"196"},
{"exposureId":"197"},
{"exposureId":"198"},
{"exposureId":"199"},
{"exposureId":"200"},
{"exposureId":"201"},
{"exposureId":"202"},
{"exposureId":"203"},
{"exposureId":"204"},
{"exposureId":"205"},
{"exposureId":"206"},
{"exposureId":"207"},
{"exposureId":"208"},
{"exposureId":"209"},
{"exposureId":"210"},
{"exposureId":"211"},
{"exposureId":"212"},
{"exposureId":"213"},
{"exposureId":"214"},
{"exposureId":"215"},
{"exposureId":"216"},
{"exposureId":"217"},
{"exposureId":"218"},
{"exposureId":"219"},
{"exposureId":"220"},
{"exposureId":"221"},
{"exposureId":"222"},
{"exposureId":"223"},
{"exposureId":"224"},
{"exposureId":"225"},
{"exposureId":"226"},
{"exposureId":"227"},
{"exposureId":"228"},
{"exposureId":"229"},
{"exposureId":"230"},
{"exposureId":"231"},
{"exposureId":"232"},
{"exposureId":"233"},
{"exposureId":"234"},
{"exposureId":"235"},
{"exposureId":"236"},
{"exposureId":"237"},
{"exposureId":"238"},
{"exposureId":"239"},
{"exposureId":"240"},
{"exposureId":"241"},
{"exposureId":"242"},
{"exposureId":"243"},
{"exposureId":"244"},
{"exposureId":"245"},
{"exposureId":"246"},
{"exposureId":"247"},
{"exposureId":"248"},
{"exposureId":"249"},
{"exposureId":"250"},
{"exposureId":"251"},
{"exposureId":"252"},
{"exposureId":"253"},
{"exposureId":"254"},
{"exposureId":"255"},
{"exposureId":"256"},
{"exposureId":"257"},
{"exposureId":"258"},
{"exposureId":"259"},
{"exposureId":"260"},
{"exposureId":"261"},
{"exposureId":"262"},
{"exposureId":"263"},
{"exposureId":"264"},
{"exposureId":"265"},
{"exposureId":"266"},
{"exposureId":"267"},
{"exposureId":"268"},
{"exposureId":"269"},
{"exposureId":"270"},
{"exposureId":"271"},
{"exposureId":"272"},
{"exposureId":"273"},
{"exposureId":"274"},
{"exposureId":"275"},
{"exposureId":"276"},
{"exposureId":"277"},
{"exposureId":"278"},
{"exposureId":"279"},
{"exposureId":"280"},
{"exposureId":"281"},
{"exposureId":"282"},
{"exposureId":"283"},
{"exposureId":"284"},
{"exposureId":"285"},
{"exposureId":"286"},
{"exposureId":"287"},
{"exposureId":"288"},
{"exposureId":"289"},
{"exposureId":"290"},
{"exposureId":"291"},
{"exposureId":"292"},
{"exposureId":"293"},
{"exposureId":"294"},
{"exposureId":"295"},
{"exposureId":"296"},
{"exposureId":"297"},
{"exposureId":"298"},
{"exposureId":"299"},
{"exposureId":"300"},
{"exposureId":"301"},
{"exposureId":"302"},
{"exposureId":"303"},
{"exposureId":"304"},
{"exposureId":"305"},
{"exposureId":"306"},
{"exposureId":"307"},
{"exposureId":"308"},
{"exposureId":"309"},
{"exposureId":"310"},
{"exposureId":"311"},
{"exposureId":"312"},
{"exposureId":"313"},
{"exposureId":"314"},
{"exposureId":"315"},
{"exposureId":"316"},
{"exposureId":"317"},
{"exposureId":"318"},
{"exposureId":"319"},
{"exposureId":"320"},
{"exposureId":"321"},
{"exposureId":"322"},
{"exposureId":"323"},
{"exposureId":"324"},
{"exposureId":"325"},
{"exposureId":"326"},
{"exposureId":"327"},
{"exposureId":"328"},
{"exposureId":"329"},
{"exposureId":"330"},
{"exposureId":"331"},
{"exposureId":"332"},
{"exposureId":"333"},
{"exposureId":"334"},
{"exposureId":"335"},
{"exposureId":"336"},
{"exposureId":"337"},
{"exposureId":"338"},
{"exposureId":"339"},
{"exposureId":"340"},
{"exposureId":"341"},
{"exposureId":"342"},
{"exposureId":"343"},
{"exposureId":"344"},
{"exposureId":"345"},
{"exposureId":"346"},
{"exposureId":"347"},
{"exposureId":"348"},
{"exposureId":"349"},
{"exposureId":"350"},
{"exposureId":"351"},
{"exposureId":"352"},
{"exposureId":"353"},
{"exposureId":"354"},
{"exposureId":"355"},
{"exposureId":"356"},
{"exposureId":"357"},
{"exposureId":"358"},
{"exposureId":"359"},
{"exposureId":"360"},
{"exposureId":"361"},
{"exposureId":"362"},
{"exposureId":"363"},
{"exposureId":"364"},
{"exposureId":"365"},
{"exposureId":"366"},
{"exposureId":"367"},
{"exposureId":"368"},
{"exposureId":"369"},
{"exposureId":"370"},
{"exposureId":"371"},
{"exposureId":"372"},
{"exposureId":"373"},
{"exposureId":"374"},
{"exposureId":"375"},
{"exposureId":"376"},
{"exposureId":"377"},
{"exposureId":"378"},
{"exposureId":"379"},
{"exposureId":"380"},
{"exposureId":"381"},
{"exposureId":"382"},
{"exposureId":"383"},
{"exposureId":"384"},
{"exposureId":"385"},
{"exposureId":"386"},
{"exposureId":"387"},
{"exposureId":"388"},
{"exposureId":"389"},
{"exposureId":"390"},
{"exposureId":"391"},
{"exposureId":"392"},
{"exposureId":"393"},
{"exposureId":"394"},
{"exposureId":"395"},
{"exposureId":"396"},
{"exposureId":"397"},
{"exposureId":"398"},
{"exposureId":"399"},
{"exposureId":"400"},
{"exposureId":"401"},
{"exposureId":"402"},
{"exposureId":"403"},
{"exposureId":"404"},
{"exposureId":"405"},
{"exposureId":"406"},
{"exposureId":"407"},
{"exposureId":"408"},
{"exposureId":"409"},
{"exposureId":"410"},
{"exposureId":"411"},
{"exposureId":"412"},
{"exposureId":"413"},
{"exposureId":"414"},
{"exposureId":"415"},
{"exposureId":"416"},
{"exposureId":"417"},
{"exposureId":"418"},
{"exposureId":"419"},
{"exposureId":"420"},
{"exposureId":"421"},
{"exposureId":"422"},
{"exposureId":"423"},
{"exposureId":"424"},
{"exposureId":"425"},
{"exposureId":"426"},
{"exposureId":"427"},
{"exposureId":"428"},
{"exposureId":"429"},
{"exposureId":"430"},
{"exposureId":"431"},
{"exposureId":"432"},
{"exposureId":"433"},
{"exposureId":"434"},
{"exposureId":"435"},
{"exposureId":"436"},
{"exposureId":"437"},
{"exposureId":"438"},
{"exposureId":"439"},
{"exposureId":"440"},
{"exposureId":"441"},
{"exposureId":"442"},
{"exposureId":"443"},
{"exposureId":"444"},
{"exposureId":"445"},
{"exposureId":"446"},
{"exposureId":"447"},
{"exposureId":"448"},
{"exposureId":"449"},
{"exposureId":"450"},
{"exposureId":"451"},
{"exposureId":"452"},
{"exposureId":"453"},
{"exposureId":"454"},
{"exposureId":"455"},
{"exposureId":"456"},
{"exposureId":"457"},
{"exposureId":"458"},
{"exposureId":"459"},
{"exposureId":"460"},
{"exposureId":"461"},
{"exposureId":"462"},
{"exposureId":"463"},
{"exposureId":"464"},
{"exposureId":"465"},
{"exposureId":"466"},
{"exposureId":"467"},
{"exposureId":"468"},
{"exposureId":"469"},
{"exposureId":"470"},
{"exposureId":"471"},
{"exposureId":"472"},
{"exposureId":"473"},
{"exposureId":"474"},
{"exposureId":"475"},
{"exposureId":"476"},
{"exposureId":"477"},
{"exposureId":"478"},
{"exposureId":"479"},
{"exposureId":"480"},
{"exposureId":"481"},
{"exposureId":"482"},
{"exposureId":"483"},
{"exposureId":"484"},
{"exposureId":"485"},
{"exposureId":"486"},
{"exposureId":"487"},
{"exposureId":"488"},
{"exposureId":"489"},
{"exposureId":"490"},
{"exposureId":"491"},
{"exposureId":"492"},
{"exposureId":"493"},
{"exposureId":"494"},
{"exposureId":"495"},
{"exposureId":"496"},
{"exposureId":"497"},
{"exposureId":"498"},
{"exposureId":"499"},
{"exposureId":"500"},
{"exposureId":"501"},
{"exposureId":"502"},
{"exposureId":"503"},
{"exposureId":"504"},
{"exposureId":"505"},
{"exposureId":"506"},
{"exposureId":"507"},
{"exposureId":"508"},
{"exposureId":"509"},
{"exposureId":"510"},
{"exposureId":"511"},
{"exposureId":"512"},
{"exposureId":"513"},
{"exposureId":"514"},
{"exposureId":"515"},
{"exposureId":"516"},
{"exposureId":"517"},
{"exposureId":"518"},
{"exposureId":"519"},
{"exposureId":"520"},
{"exposureId":"521"},
{"exposureId":"522"},
{"exposureId":"523"},
{"exposureId":"524"},
{"exposureId":"525"},
{"exposureId":"526"},
{"exposureId":"527"},
{"exposureId":"528"},
{"exposureId":"529"},
{"exposureId":"530"},
{"exposureId":"531"},
{"exposureId":"532"},
{"exposureId":"533"},
{"exposureId":"534"},
{"exposureId":"535"},
{"exposureId":"536"},
{"exposureId":"537"},
{"exposureId":"538"},
{"exposureId":"539"},
{"exposureId":"540"},
{"exposureId":"541"},
{"exposureId":"542"},
{"exposureId":"543"},
{"exposureId":"544"},
{"exposureId":"545"},
{"exposureId":"546"},
{"exposureId":"547"},
{"exposureId":"548"},
{"exposureId":"549"},
{"exposureId":"550"},
{"exposureId":"551"},
{"exposureId":"552"},
{"exposureId":"553"},
{"exposureId":"554"},
{"exposureId":"555"},
{"exposureId":"556"},
{"exposureId":"557"},
{"exposureId":"558"},
{"exposureId":"559"},
{"exposureId":"560"},
{"exposureId":"561"},
{"exposureId":"562"},
{"exposureId":"563"},
{"exposureId":"564"},
{"exposureId":"565"},
{"exposureId":"566"},
{"exposureId":"567"},
{"exposureId":"568"},
{"exposureId":"569"},
{"exposureId":"570"},
{"exposureId":"571"},
{"exposureId":"572"},
{"exposureId":"573"},
{"exposureId":"574"},
{"exposureId":"575"},
{"exposureId":"576"},
{"exposureId":"577"},
{"exposureId":"578"},
{"exposureId":"579"},
{"exposureId":"580"},
{"exposureId":"581"},
{"exposureId":"582"},
{"exposureId":"583"},
{"exposureId":"584"},
{"exposureId":"585"},
{"exposureId":"586"},
{"exposureId":"587"},
{"exposureId":"588"},
{"exposureId":"589"},
{"exposureId":"590"},
{"exposureId":"591"},
{"exposureId":"592"},
{"exposureId":"593"},
{"exposureId":"594"},
{"exposureId":"595"},
{"exposureId":"596"},
{"exposureId":"597"},
{"exposureId":"598"},
{"exposureId":"599"},
{"exposureId":"600"},
{"exposureId":"601"},
{"exposureId":"602"},
{"exposureId":"603"},
{"exposureId":"604"},
{"exposureId":"605"},
{"exposureId":"606"},
{"exposureId":"607"},
{"exposureId":"608"},
{"exposureId":"609"},
{"exposureId":"610"},
{"exposureId":"611"},
{"exposureId":"612"},
{"exposureId":"613"},
{"exposureId":"614"},
{"exposureId":"615"},
{"exposureId":"616"},
{"exposureId":"617"},
{"exposureId":"618"},
{"exposureId":"619"},
{"exposureId":"620"},
{"exposureId":"621"},
{"exposureId":"622"},
{"exposureId":"623"},
{"exposureId":"624"},
{"exposureId":"625"},
{"exposureId":"626"},
{"exposureId":"627"},
{"exposureId":"628"},
{"exposureId":"629"},
{"exposureId":"630"},
{"exposureId":"631"},
{"exposureId":"632"},
{"exposureId":"633"},
{"exposureId":"634"},
{"exposureId":"635"},
{"exposureId":"636"},
{"exposureId":"637"},
{"exposureId":"638"},
{"exposureId":"639"},
{"exposureId":"640"},
{"exposureId":"641"},
{"exposureId":"642"},
{"exposureId":"643"},
{"exposureId":"644"},
{"exposureId":"645"},
{"exposureId":"646"},
{"exposureId":"647"},
{"exposureId":"648"},
{"exposureId":"649"},
{"exposureId":"650"},
{"exposureId":"651"},
{"exposureId":"652"},
{"exposureId":"653"},
{"exposureId":"654"},
{"exposureId":"655"},
{"exposureId":"656"},
{"exposureId":"657"},
{"exposureId":"658"},
{"exposureId":"659"},
{"exposureId":"660"},
{"exposureId":"661"},
{"exposureId":"662"},
{"exposureId":"663"},
{"exposureId":"664"},
{"exposureId":"665"},
{"exposureId":"666"},
{"exposureId":"667"},
{"exposureId":"668"},
{"exposureId":"669"},
{"exposureId":"670"},
{"exposureId":"671"},
{"exposureId":"672"},
{"exposureId":"673"},
{"exposureId":"674"},
{"exposureId":"675"},
{"exposureId":"676"},
{"exposureId":"677"},
{"exposureId":"678"},
{"exposureId":"679"},
{"exposureId":"680"},
{"exposureId":"681"},
{"exposureId":"682"},
{"exposureId":"683"},
{"exposureId":"684"},
{"exposureId":"685"},
{"exposureId":"686"},
{"exposureId":"687"},
{"exposureId":"688"},
{"exposureId":"689"},
{"exposureId":"690"},
{"exposureId":"691"},
{"exposureId":"692"},
{"exposureId":"693"},
{"exposureId":"694"},
{"exposureId":"695"},
{"exposureId":"696"},
{"exposureId":"697"},
{"exposureId":"698"},
{"exposureId":"699"},
{"exposureId":"700"},
{"exposureId":"701"},
{"exposureId":"702"},
{"exposureId":"703"},
{"exposureId":"704"},
{"exposureId":"705"},
{"exposureId":"706"},
{"exposureId":"707"},
{"exposureId":"708"},
{"exposureId":"709"},
{"exposureId":"710"},
{"exposureId":"711"},
{"exposureId":"712"},
{"exposureId":"713"},
{"exposureId":"714"},
{"exposureId":"715"},
{"exposureId":"716"},
{"exposureId":"717"},
{"exposureId":"718"},
{"exposureId":"719"},
{"exposureId":"720"},
{"exposureId":"721"},
{"exposureId":"722"},
{"exposureId":"723"},
{"exposureId":"724"},
{"exposureId":"725"},
{"exposureId":"726"},
{"exposureId":"727"},
{"exposureId":"728"},
{"exposureId":"729"},
{"exposureId":"730"},
{"exposureId":"731"},
{"exposureId":"732"},
{"exposureId":"733"},
{"exposureId":"734"},
{"exposureId":"735"},
{"exposureId":"736"},
{"exposureId":"737"},
{"exposureId":"738"},
{"exposureId":"739"},
{"exposureId":"740"},
{"exposureId":"741"},
{"exposureId":"742"},
{"exposureId":"743"},
{"exposureId":"744"},
{"exposureId":"745"},
{"exposureId":"746"},
{"exposureId":"747"},
{"exposureId":"748"},
{"exposureId":"749"},
{"exposureId":"750"},
{"exposureId":"751"},
{"exposureId":"752"},
{"exposureId":"753"},
{"exposureId":"754"},
{"exposureId":"755"},
{"exposureId":"756"},
{"exposureId":"757"},
{"exposureId":"758"},
{"exposureId":"759"},
{"exposureId":"760"},
{"exposureId":"761"},
{"exposureId":"762"},
{"exposureId":"763"},
{"exposureId":"764"},
{"exposureId":"765"},
{"exposureId":"766"},
{"exposureId":"767"},
{"exposureId":"768"},
{"exposureId":"769"},
{"exposureId":"770"},
{"exposureId":"771"},
{"exposureId":"772"},
{"exposureId":"773"},
{"exposureId":"774"},
{"exposureId":"775"},
{"exposureId":"776"},
{"exposureId":"777"},
{"exposureId":"778"},
{"exposureId":"779"},
{"exposureId":"780"},
{"exposureId":"781"},
{"exposureId":"782"},
{"exposureId":"783"},
{"exposureId":"784"},
{"exposureId":"785"},
{"exposureId":"786"},
{"exposureId":"787"},
{"exposureId":"788"},
{"exposureId":"789"},
{"exposureId":"790"},
{"exposureId":"791"},
{"exposureId":"792"},
{"exposureId":"793"},
{"exposureId":"794"},
{"exposureId":"795"},
{"exposureId":"796"},
{"exposureId":"797"},
{"exposureId":"798"},
{"exposureId":"799"},
{"exposureId":"800"},
{"exposureId":"801"},
{"exposureId":"802"},
{"exposureId":"803"},
{"exposureId":"804"},
{"exposureId":"805"},
{"exposureId":"806"},
{"exposureId":"807"},
{"exposureId":"808"},
{"exposureId":"809"},
{"exposureId":"810"},
{"exposureId":"811"},
{"exposureId":"812"},
{"exposureId":"813"},
{"exposureId":"814"},
{"exposureId":"815"},
{"exposureId":"816"},
{"exposureId":"817"},
{"exposureId":"818"},
{"exposureId":"819"},
{"exposureId":"820"},
{"exposureId":"821"},
{"exposureId":"822"},
{"exposureId":"823"},
{"exposureId":"824"},
{"exposureId":"825"},
{"exposureId":"826"},
{"exposureId":"827"},
{"exposureId":"828"},
{"exposureId":"829"},
{"exposureId":"830"},
{"exposureId":"831"},
{"exposureId":"832"},
{"exposureId":"833"},
{"exposureId":"834"},
{"exposureId":"835"},
{"exposureId":"836"},
{"exposureId":"837"},
{"exposureId":"838"},
{"exposureId":"839"},
{"exposureId":"840"},
{"exposureId":"841"},
{"exposureId":"842"},
{"exposureId":"843"},
{"exposureId":"844"},
{"exposureId":"845"},
{"exposureId":"846"},
{"exposureId":"847"},
{"exposureId":"848"},
{"exposureId":"849"},
{"exposureId":"850"},
{"exposureId":"851"},
{"exposureId":"852"},
{"exposureId":"853"},
{"exposureId":"854"},
{"exposureId":"855"},
{"exposureId":"856"},
{"exposureId":"857"},
{"exposureId":"858"},
{"exposureId":"859"},
{"exposureId":"860"},
{"exposureId":"861"},
{"exposureId":"862"},
{"exposureId":"863"},
{"exposureId":"864"},
{"exposureId":"865"},
{"exposureId":"866"},
{"exposureId":"867"},
{"exposureId":"868"},
{"exposureId":"869"},
{"exposureId":"870"},
{"exposureId":"871"},
{"exposureId":"872"},
{"exposureId":"873"},
{"exposureId":"874"},
{"exposureId":"875"},
{"exposureId":"876"},
{"exposureId":"877"},
{"exposureId":"878"},
{"exposureId":"879"},
{"exposureId":"880"},
{"exposureId":"881"},
{"exposureId":"882"},
{"exposureId":"883"},
{"exposureId":"884"},
{"exposureId":"885"},
{"exposureId":"886"},
{"exposureId":"887"},
{"exposureId":"888"},
{"exposureId":"889"},
{"exposureId":"890"},
{"exposureId":"891"},
{"exposureId":"892"},
{"exposureId":"893"},
{"exposureId":"894"},
{"exposureId":"895"},
{"exposureId":"896"},
{"exposureId":"897"},
{"exposureId":"898"},
{"exposureId":"899"},
{"exposureId":"900"},
{"exposureId":"901"},
{"exposureId":"902"},
{"exposureId":"903"},
{"exposureId":"904"},
{"exposureId":"905"},
{"exposureId":"906"},
{"exposureId":"907"},
{"exposureId":"908"},
{"exposureId":"909"},
{"exposureId":"910"},
{"exposureId":"911"},
{"exposureId":"912"},
{"exposureId":"913"},
{"exposureId":"914"},
{"exposureId":"915"},
{"exposureId":"916"},
{"exposureId":"917"},
{"exposureId":"918"},
{"exposureId":"919"},
{"exposureId":"920"},
{"exposureId":"921"},
{"exposureId":"922"},
{"exposureId":"923"},
{"exposureId":"924"},
{"exposureId":"925"},
{"exposureId":"926"},
{"exposureId":"927"},
{"exposureId":"928"},
{"exposureId":"929"},
{"exposureId":"930"},
{"exposureId":"931"},
{"exposureId":"932"},
{"exposureId":"933"},
{"exposureId":"934"},
{"exposureId":"935"},
{"exposureId":"936"},
{"exposureId":"937"},
{"exposureId":"938"},
{"exposureId":"939"},
{"exposureId":"940"},
{"exposureId":"941"},
{"exposureId":"942"},
{"exposureId":"943"},
{"exposureId":"944"},
{"exposureId":"945"},
{"exposureId":"946"},
{"exposureId":"947"},
{"exposureId":"948"},
{"exposureId":"949"},
{"exposureId":"950"},
{"exposureId":"951"},
{"exposureId":"952"},
{"exposureId":"953"},
{"exposureId":"954"},
{"exposureId":"955"},
{"exposureId":"956"},
{"exposureId":"957"},
{"exposureId":"958"},
{"exposureId":"959"},
{"exposureId":"960"},
{"exposureId":"961"},
{"exposureId":"962"},
{"exposureId":"963"},
{"exposureId":"964"},
{"exposureId":"965"},
{"exposureId":"966"},
{"exposureId":"967"},
{"exposureId":"968"},
{"exposureId":"969"},
{"exposureId":"970"},
{"exposureId":"971"},
{"exposureId":"972"},
{"exposureId":"973"},
{"exposureId":"974"},
{"exposureId":"975"},
{"exposureId":"976"},
{"exposureId":"977"},
{"exposureId":"978"},
{"exposureId":"979"},
{"exposureId":"980"},
{"exposureId":"981"},
{"exposureId":"982"},
{"exposureId":"983"},
{"exposureId":"984"},
{"exposureId":"985"},
{"exposureId":"986"},
{"exposureId":"987"},
{"exposureId":"988"},
{"exposureId":"989"},
{"exposureId":"990"},
{"exposureId":"991"},
{"exposureId":"992"},
{"exposureId":"993"},
{"exposureId":"994"},
{"exposureId":"995"},
{"exposureId":"996"},
{"exposureId":"997"},
{"exposureId":"998"},
{"exposureId":"999"},
{"exposureId":"1000"},
{"exposureId":"1001"},
{"exposureId":"1002"},
{"exposureId":"1003"},
{"exposureId":"1004"},
{"exposureId":"1005"},
{"exposureId":"1006"},
{"exposureId":"1007"},
{"exposureId":"1008"},
{"exposureId":"1009"},
{"exposureId":"1010"},
{"exposureId":"1011"},
{"exposureId":"1012"},
{"exposureId":"1013"},
{"exposureId":"1014"},
{"exposureId":"1015"},
{"exposureId":"1016"},
{"exposureId":"1017"},
{"exposureId":"1018"},
{"exposureId":"1019"},
{"exposureId":"1020"},
{"exposureId":"1021"},
{"exposureId":"1022"},
{"exposureId":"1023"},
{"exposureId":"1024"},
{"exposureId":"1025"},
{"exposureId":"1026"},
{"exposureId":"1027"},
{"exposureId":"1028"},
{"exposureId":"1029"},
{"exposureId":"1030"},
{"exposureId":"1031"},
{"exposureId":"1032"},
{"exposureId":"1033"},
{"exposureId":"1034"},
{"exposureId":"1035"},
{"exposureId":"1036"},
{"exposureId":"1037"},
{"exposureId":"1038"},
{"exposureId":"1039"},
{"exposureId":"1040"},
{"exposureId":"1041"},
{"exposureId":"1042"},
{"exposureId":"1043"},
{"exposureId":"1044"},
{"exposureId":"1045"},
{"exposureId":"1046"},
{"exposureId":"1047"},
{"exposureId":"1048"},
{"exposureId":"1049"},
{"exposureId":"1050"},
{"exposureId":"1051"},
{"exposureId":"1052"},
{"exposureId":"1053"},
{"exposureId":"1054"},
{"exposureId":"1055"},
{"exposureId":"1056"},
{"exposureId":"1057"},
{"exposureId":"1058"},
{"exposureId":"1059"},
{"exposureId":"1060"},
{"exposureId":"1061"},
{"exposureId":"1062"},
{"exposureId":"1063"},
{"exposureId":"1064"},
{"exposureId":"1065"},
{"exposureId":"1066"},
{"exposureId":"1067"},
{"exposureId":"1068"},
{"exposureId":"1069"},
{"exposureId":"1070"},
{"exposureId":"1071"},
{"exposureId":"1072"},
{"exposureId":"1073"},
{"exposureId":"1074"},
{"exposureId":"1075"},
{"exposureId":"1076"},
{"exposureId":"1077"},
{"exposureId":"1078"},
{"exposureId":"1079"},
{"exposureId":"1080"},
{"exposureId":"1081"},
{"exposureId":"1082"},
{"exposureId":"1083"},
{"exposureId":"1084"},
{"exposureId":"1085"},
{"exposureId":"1086"},
{"exposureId":"1087"},
{"exposureId":"1088"},
{"exposureId":"1089"},
{"exposureId":"1090"},
{"exposureId":"1091"},
{"exposureId":"1092"},
{"exposureId":"1093"},
{"exposureId":"1094"},
{"exposureId":"1095"},
{"exposureId":"1096"},
{"exposureId":"1097"},
{"exposureId":"1098"},
{"exposureId":"1099"},
{"exposureId":"1100"},
{"exposureId":"1101"},
{"exposureId":"1102"},
{"exposureId":"1103"},
{"exposureId":"1104"},
{"exposureId":"1105"},
{"exposureId":"1106"},
{"exposureId":"1107"},
{"exposureId":"1108"},
{"exposureId":"1109"},
{"exposureId":"1110"},
{"exposureId":"1111"},
{"exposureId":"1112"},
{"exposureId":"1113"},
{"exposureId":"1114"},
{"exposureId":"1115"},
{"exposureId":"1116"},
{"exposureId":"1117"},
{"exposureId":"1118"},
{"exposureId":"1119"},
{"exposureId":"1120"},
{"exposureId":"1121"},
{"exposureId":"1122"},
{"exposureId":"1123"},
{"exposureId":"1124"},
{"exposureId":"1125"},
{"exposureId":"1126"},
{"exposureId":"1127"},
{"exposureId":"1128"},
{"exposureId":"1129"},
{"exposureId":"1130"},
{"exposureId":"1131"},
{"exposureId":"1132"},
{"exposureId":"1133"},
{"exposureId":"1134"},
{"exposureId":"1135"},
{"exposureId":"1136"},
{"exposureId":"1137"},
{"exposureId":"1138"},
{"exposureId":"1139"},
{"exposureId":"1140"},
{"exposureId":"1141"},
{"exposureId":"1142"},
{"exposureId":"1143"},
{"exposureId":"1144"},
{"exposureId":"1145"},
{"exposureId":"1146"},
{"exposureId":"1147"},
{"exposureId":"1148"},
{"exposureId":"1149"},
{"exposureId":"1150"},
{"exposureId":"1151"},
{"exposureId":"1152"},
{"exposureId":"1153"},
{"exposureId":"1154"},
{"exposureId":"1155"},
{"exposureId":"1156"},
{"exposureId":"1157"},
{"exposureId":"1158"},
{"exposureId":"1159"},
{"exposureId":"1160"},
{"exposureId":"1161"},
{"exposureId":"1162"},
{"exposureId":"1163"},
{"exposureId":"1164"},
{"exposureId":"1165"},
{"exposureId":"1166"},
{"exposureId":"1167"},
{"exposureId":"1168"},
{"exposureId":"1169"},
{"exposureId":"1170"},
{"exposureId":"1171"},
{"exposureId":"1172"},
{"exposureId":"1173"},
{"exposureId":"1174"},
{"exposureId":"1175"},
{"exposureId":"1176"},
{"exposureId":"1177"},
{"exposureId":"1178"},
{"exposureId":"1179"},
{"exposureId":"1180"},
{"exposureId":"1181"},
{"exposureId":"1182"},
{"exposureId":"1183"},
{"exposureId":"1184"},
{"exposureId":"1185"},
{"exposureId":"1186"},
{"exposureId":"1187"},
{"exposureId":"1188"},
{"exposureId":"1189"},
{"exposureId":"1190"},
{"exposureId":"1191"},
{"exposureId":"1192"},
{"exposureId":"1193"},
{"exposureId":"1194"},
{"exposureId":"1195"},
{"exposureId":"1196"},
{"exposureId":"1197"},
{"exposureId":"1198"},
{"exposureId":"1199"},
{"exposureId":"1200"},
{"exposureId":"1201"},
{"exposureId":"1202"},
{"exposureId":"1203"},
{"exposureId":"1204"},
{"exposureId":"1205"},
{"exposureId":"1206"},
{"exposureId":"1207"},
{"exposureId":"1208"},
{"exposureId":"1209"},
{"exposureId":"1210"},
{"exposureId":"1211"},
{"exposureId":"1212"},
{"exposureId":"1213"},
{"exposureId":"1214"},
{"exposureId":"1215"},
{"exposureId":"1216"},
{"exposureId":"1217"},
{"exposureId":"1218"},
{"exposureId":"1219"},
{"exposureId":"1220"},
{"exposureId":"1221"},
{"exposureId":"1222"},
{"exposureId":"1223"},
{"exposureId":"1224"},
{"exposureId":"1225"},
{"exposureId":"1226"},
{"exposureId":"1227"},
{"exposureId":"1228"},
{"exposureId":"1229"},
{"exposureId":"1230"},
{"exposureId":"1231"},
{"exposureId":"1232"},
{"exposureId":"1233"},
{"exposureId":"1234"},
{"exposureId":"1235"},
{"exposureId":"1236"},
{"exposureId":"1237"},
{"exposureId":"1238"},
{"exposureId":"1239"},
{"exposureId":"1240"},
{"exposureId":"1241"},
{"exposureId":"1242"},
{"exposureId":"1243"},
{"exposureId":"1244"},
{"exposureId":"1245"},
{"exposureId":"1246"},
{"exposureId":"1247"},
{"exposureId":"1248"},
{"exposureId":"1249"},
{"exposureId":"1250"},
{"exposureId":"1251"},
{"exposureId":"1252"},
{"exposureId":"1253"},
{"exposureId":"1254"},
{"exposureId":"1255"},
{"exposureId":"1256"},
{"exposureId":"1257"},
{"exposureId":"1258"},
{"exposureId":"1259"},
{"exposureId":"1260"},
{"exposureId":"1261"},
{"exposureId":"1262"},
{"exposureId":"1263"},
{"exposureId":"1264"},
{"exposureId":"1265"},
{"exposureId":"1266"},
{"exposureId":"1267"},
{"exposureId":"1268"},
{"exposureId":"1269"},
{"exposureId":"1270"},
{"exposureId":"1271"},
{"exposureId":"1272"},
{"exposureId":"1273"},
{"exposureId":"1274"},
{"exposureId":"1275"},
{"exposureId":"1276"},
{"exposureId":"1277"},
{"exposureId":"1278"},
{"exposureId":"1279"},
{"exposureId":"1280"},
{"exposureId":"1281"},
{"exposureId":"1282"},
{"exposureId":"1283"},
{"exposureId":"1284"},
{"exposureId":"1285"},
{"exposureId":"1286"},
{"exposureId":"1287"},
{"exposureId":"1288"},
{"exposureId":"1289"},
{"exposureId":"1290"},
{"exposureId":"1291"},
{"exposureId":"1292"},
{"exposureId":"1293"},
{"exposureId":"1294"},
{"exposureId":"1295"},
{"exposureId":"1296"},
{"exposureId":"1297"},
{"exposureId":"1298"},
{"exposureId":"1299"},
{"exposureId":"1300"},
{"exposureId":"1301"},
{"exposureId":"1302"},
{"exposureId":"1303"},
{"exposureId":"1304"},
{"exposureId":"1305"},
{"exposureId":"1306"},
{"exposureId":"1307"},
{"exposureId":"1308"},
{"exposureId":"1309"},
{"exposureId":"1310"},
{"exposureId":"1311"},
{"exposureId":"1312"},
{"exposureId":"1313"},
{"exposureId":"1314"},
{"exposureId":"1315"},
{"exposureId":"1316"},
{"exposureId":"1317"},
{"exposureId":"1318"},
{"exposureId":"1319"},
{"exposureId":"1320"},
{"exposureId":"1321"},
{"exposureId":"1322"},
{"exposureId":"1323"},
{"exposureId":"1324"},
{"exposureId":"1325"},
{"exposureId":"1326"},
{"exposureId":"1327"},
{"exposureId":"1328"},
{"exposureId":"1329"},
{"exposureId":"1330"},
{"exposureId":"1331"},
{"exposureId":"1332"},
{"exposureId":"1333"},
{"exposureId":"1334"},
{"exposureId":"1335"},
{"exposureId":"1336"},
{"exposureId":"1337"},
{"exposureId":"1338"},
{"exposureId":"1339"},
{"exposureId":"1340"},
{"exposureId":"1341"},
{"exposureId":"1342"},
{"exposureId":"1343"},
{"exposureId":"1344"},
{"exposureId":"1345"},
{"exposureId":"1346"},
{"exposureId":"1347"},
{"exposureId":"1348"},
{"exposureId":"1349"},
{"exposureId":"1350"},
{"exposureId":"1351"},
{"exposureId":"1352"},
{"exposureId":"1353"},
{"exposureId":"1354"},
{"exposureId":"1355"},
{"exposureId":"1356"},
{"exposureId":"1357"},
{"exposureId":"1358"},
{"exposureId":"1359"},
{"exposureId":"1360"},
{"exposureId":"1361"},
{"exposureId":"1362"},
{"exposureId":"1363"},
{"exposureId":"1364"},
{"exposureId":"1365"},
{"exposureId":"1366"},
{"exposureId":"1367"},
{"exposureId":"1368"},
{"exposureId":"1369"},
{"exposureId":"1370"},
{"exposureId":"1371"},
{"exposureId":"1372"},
{"exposureId":"1373"},
{"exposureId":"1374"},
{"exposureId":"1375"},
{"exposureId":"1376"},
{"exposureId":"1377"},
{"exposureId":"1378"},
{"exposureId":"1379"},
{"exposureId":"1380"},
{"exposureId":"1381"},
{"exposureId":"1382"},
{"exposureId":"1383"},
{"exposureId":"1384"},
{"exposureId":"1385"},
{"exposureId":"1386"},
{"exposureId":"1387"},
{"exposureId":"1388"},
{"exposureId":"1389"},
{"exposureId":"1390"},
{"exposureId":"1391"},
{"exposureId":"1392"},
{"exposureId":"1393"},
{"exposureId":"1394"},
{"exposureId":"1395"},
{"exposureId":"1396"},
{"exposureId":"1397"},
{"exposureId":"1398"},
{"exposureId":"1399"},
{"exposureId":"1400"},
{"exposureId":"1401"},
{"exposureId":"1402"},
{"exposureId":"1403"},
{"exposureId":"1404"},
{"exposureId":"1405"},
{"exposureId":"1406"},
{"exposureId":"1407"},
{"exposureId":"1408"},
{"exposureId":"1409"},
{"exposureId":"1410"},
{"exposureId":"1411"},
{"exposureId":"1412"},
{"exposureId":"1413"},
{"exposureId":"1414"},
{"exposureId":"1415"},
{"exposureId":"1416"},
{"exposureId":"1417"},
{"exposureId":"1418"},
{"exposureId":"1419"},
{"exposureId":"1420"},
{"exposureId":"1421"},
{"exposureId":"1422"},
{"exposureId":"1423"},
{"exposureId":"1424"},
{"exposureId":"1425"},
{"exposureId":"1426"},
{"exposureId":"1427"},
{"exposureId":"1428"},
{"exposureId":"1429"},
{"exposureId":"1430"},
{"exposureId":"1431"},
{"exposureId":"1432"},
{"exposureId":"1433"},
{"exposureId":"1434"},
{"exposureId":"1435"},
{"exposureId":"1436"},
{"exposureId":"1437"},
{"exposureId":"1438"},
{"exposureId":"1439"},
{"exposureId":"1440"},
{"exposureId":"1441"},
{"exposureId":"1442"},
{"exposureId":"1443"},
{"exposureId":"1444"},
{"exposureId":"1445"},
{"exposureId":"1446"},
{"exposureId":"1447"},
{"exposureId":"1448"},
{"exposureId":"1449"},
{"exposureId":"1450"},
{"exposureId":"1451"},
{"exposureId":"1452"},
{"exposureId":"1453"},
{"exposureId":"1454"},
{"exposureId":"1455"},
{"exposureId":"1456"},
{"exposureId":"1457"},
{"exposureId":"1458"},
{"exposureId":"1459"},
{"exposureId":"1460"},
{"exposureId":"1461"},
{"exposureId":"1462"},
{"exposureId":"1463"},
{"exposureId":"1464"},
{"exposureId":"1465"},
{"exposureId":"1466"},
{"exposureId":"1467"},
{"exposureId":"1468"},
{"exposureId":"1469"},
{"exposureId":"1470"},
{"exposureId":"1471"},
{"exposureId":"1472"},
{"exposureId":"1473"},
{"exposureId":"1474"},
{"exposureId":"1475"},
{"exposureId":"1476"},
{"exposureId":"1477"},
{"exposureId":"1478"},
{"exposureId":"1479"},
{"exposureId":"1480"},
{"exposureId":"1481"},
{"exposureId":"1482"},
{"exposureId":"1483"},
{"exposureId":"1484"},
{"exposureId":"1485"},
{"exposureId":"1486"},
{"exposureId":"1487"},
{"exposureId":"1488"},
{"exposureId":"1489"},
{"exposureId":"1490"},
{"exposureId":"1491"},
{"exposureId":"1492"},
{"exposureId":"1493"},
{"exposureId":"1494"},
{"exposureId":"1495"},
{"exposureId":"1496"},
{"exposureId":"1497"},
{"exposureId":"1498"},
{"exposureId":"1499"},
{"exposureId":"1500"},
{"exposureId":"1501"},
{"exposureId":"1502"},
{"exposureId":"1503"},
{"exposureId":"1504"},
{"exposureId":"1505"},
{"exposureId":"1506"},
{"exposureId":"1507"},
{"exposureId":"1508"},
{"exposureId":"1509"},
{"exposureId":"1510"},
{"exposureId":"1511"},
{"exposureId":"1512"},
{"exposureId":"1513"},
{"exposureId":"1514"},
{"exposureId":"1515"},
{"exposureId":"1516"},
{"exposureId":"1517"},
{"exposureId":"1518"},
{"exposureId":"1519"},
{"exposureId":"1520"},
{"exposureId":"1521"},
{"exposureId":"1522"},
{"exposureId":"1523"},
{"exposureId":"1524"},
{"exposureId":"1525"},
{"exposureId":"1526"},
{"exposureId":"1527"},
{"exposureId":"1528"},
{"exposureId":"1529"},
{"exposureId":"1530"},
{"exposureId":"1531"},
{"exposureId":"1532"},
{"exposureId":"1533"},
{"exposureId":"1534"},
{"exposureId":"1535"},
{"exposureId":"1536"},
{"exposureId":"1537"},
{"exposureId":"1538"},
{"exposureId":"1539"},
{"exposureId":"1540"},
{"exposureId":"1541"},
{"exposureId":"1542"},
{"exposureId":"1543"},
{"exposureId":"1544"},
{"exposureId":"1545"},
{"exposureId":"1546"},
{"exposureId":"1547"},
{"exposureId":"1548"},
{"exposureId":"1549"},
{"exposureId":"1550"},
{"exposureId":"1551"},
{"exposureId":"1552"},
{"exposureId":"1553"},
{"exposureId":"1554"},
{"exposureId":"1555"},
{"exposureId":"1556"},
{"exposureId":"1557"},
{"exposureId":"1558"},
{"exposureId":"1559"},
{"exposureId":"1560"},
{"exposureId":"1561"},
{"exposureId":"1562"},
{"exposureId":"1563"},
{"exposureId":"1564"},
{"exposureId":"1565"},
{"exposureId":"1566"},
{"exposureId":"1567"},
{"exposureId":"1568"},
{"exposureId":"1569"},
{"exposureId":"1570"},
{"exposureId":"1571"},
{"exposureId":"1572"},
{"exposureId":"1573"},
{"exposureId":"1574"},
{"exposureId":"1575"},
{"exposureId":"1576"},
{"exposureId":"1577"},
{"exposureId":"1578"},
{"exposureId":"1579"},
{"exposureId":"1580"},
{"exposureId":"1581"},
{"exposureId":"1582"},
{"exposureId":"1583"},
{"exposureId":"1584"},
{"exposureId":"1585"},
{"exposureId":"1586"},
{"exposureId":"1587"},
{"exposureId":"1588"},
{"exposureId":"1589"},
{"exposureId":"1590"},
{"exposureId":"1591"},
{"exposureId":"1592"},
{"exposureId":"1593"},
{"exposureId":"1594"},
{"exposureId":"1595"},
{"exposureId":"1596"},
{"exposureId":"1597"},
{"exposureId":"1598"},
{"exposureId":"1599"},
{"exposureId":"1600"},
{"exposureId":"1601"},
{"exposureId":"1602"},
{"exposureId":"1603"},
{"exposureId":"1604"},
{"exposureId":"1605"},
{"exposureId":"1606"},
{"exposureId":"1607"},
{"exposureId":"1608"},
{"exposureId":"1609"},
{"exposureId":"1610"},
{"exposureId":"1611"},
{"exposureId":"1612"},
{"exposureId":"1613"},
{"exposureId":"1614"},
{"exposureId":"1615"},
{"exposureId":"1616"},
{"exposureId":"1617"},
{"exposureId":"1618"},
{"exposureId":"1619"},
{"exposureId":"1620"},
{"exposureId":"1621"},
{"exposureId":"1622"},
{"exposureId":"1623"},
{"exposureId":"1624"},
{"exposureId":"1625"},
{"exposureId":"1626"},
{"exposureId":"1627"},
{"exposureId":"1628"},
{"exposureId":"1629"},
{"exposureId":"1630"},
{"exposureId":"1631"},
{"exposureId":"1632"},
{"exposureId":"1633"},
{"exposureId":"1634"},
{"exposureId":"1635"},
{"exposureId":"1636"},
{"exposureId":"1637"},
{"exposureId":"1638"},
{"exposureId":"1639"},
{"exposureId":"1640"},
{"exposureId":"1641"},
{"exposureId":"1642"},
{"exposureId":"1643"},
{"exposureId":"1644"},
{"exposureId":"1645"},
{"exposureId":"1646"},
{"exposureId":"1647"},
{"exposureId":"1648"},
{"exposureId":"1649"},
{"exposureId":"1650"},
{"exposureId":"1651"},
{"exposureId":"1652"},
{"exposureId":"1653"},
{"exposureId":"1654"},
{"exposureId":"1655"},
{"exposureId":"1656"},
{"exposureId":"1657"},
{"exposureId":"1658"},
{"exposureId":"1659"},
{"exposureId":"1660"},
{"exposureId":"1661"},
{"exposureId":"1662"},
{"exposureId":"1663"},
{"exposureId":"1664"},
{"exposureId":"1665"},
{"exposureId":"1666"},
{"exposureId":"1667"},
{"exposureId":"1668"},
{"exposureId":"1669"},
{"exposureId":"1670"},
{"exposureId":"1671"},
{"exposureId":"1672"},
{"exposureId":"1673"},
{"exposureId":"1674"},
{"exposureId":"1675"},
{"exposureId":"1676"},
{"exposureId":"1677"},
{"exposureId":"1678"},
{"exposureId":"1679"},
{"exposureId":"1680"},
{"exposureId":"1681"},
{"exposureId":"1682"},
{"exposureId":"1683"},
{"exposureId":"1684"},
{"exposureId":"1685"},
{"exposureId":"1686"},
{"exposureId":"1687"},
{"exposureId":"1688"},
{"exposureId":"1689"},
{"exposureId":"1690"},
{"exposureId":"1691"},
{"exposureId":"1692"},
{"exposureId":"1693"},
{"exposureId":"1694"},
{"exposureId":"1695"},
{"exposureId":"1696"},
{"exposureId":"1697"},
{"exposureId":"1698"},
{"exposureId":"1699"},
{"exposureId":"1700"},
{"exposureId":"1701"},
{"exposureId":"1702"},
{"exposureId":"1703"},
{"exposureId":"1704"},
{"exposureId":"1705"},
{"exposureId":"1706"},
{"exposureId":"1707"},
{"exposureId":"1708"},
{"exposureId":"1709"},
{"exposureId":"1710"},
{"exposureId":"1711"},
{"exposureId":"1712"},
{"exposureId":"1713"},
{"exposureId":"1714"},
{"exposureId":"1715"},
{"exposureId":"1716"},
{"exposureId":"1717"},
{"exposureId":"1718"},
{"exposureId":"1719"},
{"exposureId":"1720"},
{"exposureId":"1721"},
{"exposureId":"1722"},
{"exposureId":"1723"},
{"exposureId":"1724"},
{"exposureId":"1725"},
{"exposureId":"1726"},
{"exposureId":"1727"},
{"exposureId":"1728"},
{"exposureId":"1729"},
{"exposureId":"1730"},
{"exposureId":"1731"},
{"exposureId":"1732"},
{"exposureId":"1733"},
{"exposureId":"1734"},
{"exposureId":"1735"},
{"exposureId":"1736"},
{"exposureId":"1737"},
{"exposureId":"1738"},
{"exposureId":"1739"},
{"exposureId":"1740"},
{"exposureId":"1741"},
{"exposureId":"1742"},
{"exposureId":"1743"},
{"exposureId":"1744"},
{"exposureId":"1745"},
{"exposureId":"1746"},
{"exposureId":"1747"},
{"exposureId":"1748"},
{"exposureId":"1749"},
{"exposureId":"1750"},
{"exposureId":"1751"},
{"exposureId":"1752"},
{"exposureId":"1753"},
{"exposureId":"1754"},
{"exposureId":"1755"},
{"exposureId":"1756"},
{"exposureId":"1757"},
{"exposureId":"1758"},
{"exposureId":"1759"},
{"exposureId":"1760"},
{"exposureId":"1761"},
{"exposureId":"1762"},
{"exposureId":"1763"},
{"exposureId":"1764"},
{"exposureId":"1765"},
{"exposureId":"1766"},
{"exposureId":"1767"},
{"exposureId":"1768"},
{"exposureId":"1769"},
{"exposureId":"1770"},
{"exposureId":"1771"},
{"exposureId":"1772"},
{"exposureId":"1773"},
{"exposureId":"1774"},
{"exposureId":"1775"},
{"exposureId":"1776"},
{"exposureId":"1777"},
{"exposureId":"1778"},
{"exposureId":"1779"},
{"exposureId":"1780"},
{"exposureId":"1781"},
{"exposureId":"1782"},
{"exposureId":"1783"},
{"exposureId":"1784"},
{"exposureId":"1785"},
{"exposureId":"1786"},
{"exposureId":"1787"},
{"exposureId":"1788"},
{"exposureId":"1789"},
{"exposureId":"1790"},
{"exposureId":"1791"},
{"exposureId":"1792"},
{"exposureId":"1793"},
{"exposureId":"1794"},
{"exposureId":"1795"},
{"exposureId":"1796"},
{"exposureId":"1797"},
{"exposureId":"1798"},
{"exposureId":"1799"},
{"exposureId":"1800"},
{"exposureId":"1801"},
{"exposureId":"1802"},
{"exposureId":"1803"},
{"exposureId":"1804"},
{"exposureId":"1805"},
{"exposureId":"1806"},
{"exposureId":"1807"},
{"exposureId":"1808"},
{"exposureId":"1809"},
{"exposureId":"1810"},
{"exposureId":"1811"},
{"exposureId":"1812"},
{"exposureId":"1813"},
{"exposureId":"1814"},
{"exposureId":"1815"},
{"exposureId":"1816"},
{"exposureId":"1817"},
{"exposureId":"1818"},
{"exposureId":"1819"},
{"exposureId":"1820"},
{"exposureId":"1821"},
{"exposureId":"1822"},
{"exposureId":"1823"},
{"exposureId":"1824"},
{"exposureId":"1825"},
{"exposureId":"1826"},
{"exposureId":"1827"},
{"exposureId":"1828"},
{"exposureId":"1829"},
{"exposureId":"1830"},
{"exposureId":"1831"},
{"exposureId":"1832"},
{"exposureId":"1833"},
{"exposureId":"1834"},
{"exposureId":"1835"},
{"exposureId":"1836"},
{"exposureId":"1837"},
{"exposureId":"1838"},
{"exposureId":"1839"},
{"exposureId":"1840"},
{"exposureId":"1841"},
{"exposureId":"1842"},
{"exposureId":"1843"},
{"exposureId":"1844"},
{"exposureId":"1845"},
{"exposureId":"1846"},
{"exposureId":"1847"},
{"exposureId":"1848"},
{"exposureId":"1849"},
{"exposureId":"1850"},
{"exposureId":"1851"},
{"exposureId":"1852"},
{"exposureId":"1853"},
{"exposureId":"1854"},
{"exposureId":"1855"},
{"exposureId":"1856"},
{"exposureId":"1857"},
{"exposureId":"1858"},
{"exposureId":"1859"},
{"exposureId":"1860"},
{"exposureId":"1861"},
{"exposureId":"1862"},
{"exposureId":"1863"},
{"exposureId":"1864"},
{"exposureId":"1865"},
{"exposureId":"1866"},
{"exposureId":"1867"},
{"exposureId":"1868"},
{"exposureId":"1869"},
{"exposureId":"1870"},
{"exposureId":"1871"},
{"exposureId":"1872"},
{"exposureId":"1873"},
{"exposureId":"1874"},
{"exposureId":"1875"},
{"exposureId":"1876"},
{"exposureId":"1877"},
{"exposureId":"1878"},
{"exposureId":"1879"},
{"exposureId":"1880"},
{"exposureId":"1881"},
{"exposureId":"1882"},
{"exposureId":"1883"},
{"exposureId":"1884"},
{"exposureId":"1885"},
{"exposureId":"1886"},
{"exposureId":"1887"},
{"exposureId":"1888"},
{"exposureId":"1889"},
{"exposureId":"1890"},
{"exposureId":"1891"},
{"exposureId":"1892"},
{"exposureId":"1893"},
{"exposureId":"1894"},
{"exposureId":"1895"},
{"exposureId":"1896"},
{"exposureId":"1897"},
{"exposureId":"1898"},
{"exposureId":"1899"},
{"exposureId":"1900"},
{"exposureId":"1901"},
{"exposureId":"1902"},
{"exposureId":"1903"},
{"exposureId":"1904"},
{"exposureId":"1905"},
{"exposureId":"1906"},
{"exposureId":"1907"},
{"exposureId":"1908"},
{"exposureId":"1909"},
{"exposureId":"1910"},
{"exposureId":"1911"},
{"exposureId":"1912"},
{"exposureId":"1913"},
{"exposureId":"1914"},
{"exposureId":"1915"},
{"exposureId":"1916"},
{"exposureId":"1917"},
{"exposureId":"1918"},
{"exposureId":"1919"},
{"exposureId":"1920"},
{"exposureId":"1921"},
{"exposureId":"1922"},
{"exposureId":"1923"},
{"exposureId":"1924"},
{"exposureId":"1925"},
{"exposureId":"1926"},
{"exposureId":"1927"},
{"exposureId":"1928"},
{"exposureId":"1929"},
{"exposureId":"1930"},
{"exposureId":"1931"},
{"exposureId":"1932"},
{"exposureId":"1933"},
{"exposureId":"1934"},
{"exposureId":"1935"},
{"exposureId":"1936"},
{"exposureId":"1937"},
{"exposureId":"1938"},
{"exposureId":"1939"},
{"exposureId":"1940"},
{"exposureId":"1941"},
{"exposureId":"1942"},
{"exposureId":"1943"},
{"exposureId":"1944"},
{"exposureId":"1945"},
{"exposureId":"1946"},
{"exposureId":"1947"},
{"exposureId":"1948"},
{"exposureId":"1949"},
{"exposureId":"1950"},
{"exposureId":"1951"},
{"exposureId":"1952"},
{"exposureId":"1953"},
{"exposureId":"1954"},
{"exposureId":"1955"},
{"exposureId":"1956"},
{"exposureId":"1957"},
{"exposureId":"1958"},
{"exposureId":"1959"},
{"exposureId":"1960"},
{"exposureId":"1961"},
{"exposureId":"1962"},
{"exposureId":"1963"},
{"exposureId":"1964"},
{"exposureId":"1965"},
{"exposureId":"1966"},
{"exposureId":"1967"},
{"exposureId":"1968"},
{"exposureId":"1969"},
{"exposureId":"1970"},
{"exposureId":"1971"},
{"exposureId":"1972"},
{"exposureId":"1973"},
{"exposureId":"1974"},
{"exposureId":"1975"},
{"exposureId":"1976"},
{"exposureId":"1977"},
{"exposureId":"1978"},
{"exposureId":"1979"},
{"exposureId":"1980"},
{"exposureId":"1981"},
{"exposureId":"1982"},
{"exposureId":"1983"},
{"exposureId":"1984"},
{"exposureId":"1985"},
{"exposureId":"1986"},
{"exposureId":"1987"},
{"exposureId":"1988"},
{"exposureId":"1989"},
{"exposureId":"1990"},
{"exposureId":"1991"},
{"exposureId":"1992"},
{"exposureId":"1993"},
{"exposureId":"1994"},
{"exposureId":"1995"},
{"exposureId":"1996"},
{"exposureId":"1997"},
{"exposureId":"1998"},
{"exposureId":"1999"},
{"exposureId":"2000"}
]