[
			{
					"lookupCode": "FORECAST_PROJECT",
					"lookupType": "EXPOSURE_TYPE",
					"description": "Type of Exposure",
					"isActive": "Y",
					"isMandatory": "Y",
					"displayName": "Forecast - Project",
					"displayOrder": "1"
			},
			{
					"lookupCode": "FORECAST_FLOW",
					"lookupType": "EXPOSURE_TYPE",
					"description": "Type of Exposure",
					"isActive": "Y",
					"isMandatory": "Y",
					"displayName": "Forecast - Flow",
					"displayOrder": "2"
			},
			{
					"lookupCode": "BALANCE_SHEET",
					"lookupType": "EXPOSURE_TYPE",
					"description": "Type of Exposure",
					"isActive": "Y",
					"isMandatory": "Y",
					"displayName": "Balance Sheet",
					"displayOrder": "3"
			},
			{
					"lookupCode": "NET_INCOME",
					"lookupType": "EXPOSURE_TYPE",
					"description": "Type of Exposure",
					"isActive": "Y",
					"isMandatory": "Y",
					"displayName": "Net Income",
					"displayOrder": "4"
			},
			{
					"lookupCode": "EMBEDDED_DERIVATIVE",
					"lookupType": "EXPOSURE_TYPE",
					"description": "Type of Exposure",
					"isActive": "Y",
					"isMandatory": "Y",
					"displayName": "Embedded Derivative",
					"displayOrder": "5"
			},
			{
					"lookupCode": "NEW",
					"lookupType": "UPLOAD_ACTION",
					"description": "Action column for csv file upload",
					"isActive": "Y",
					"isMandatory": "Y",
					"displayName": "New",
					"displayOrder": "1"
			},
			{
					"lookupCode": "UPDATE",
					"lookupType": "UPLOAD_ACTION",
					"description": "Action column for csv file upload",
					"isActive": "Y",
					"isMandatory": "Y",
					"displayName": "Update",
					"displayOrder": "2"
			},
			{
					"lookupCode": "COMPLETE",
					"lookupType": "UPLOAD_ACTION",
					"description": "Action column for csv file upload",
					"isActive": "Y",
					"isMandatory": "Y",
					"displayName": "Complete",
					"displayOrder": "3"
			},
			{
					"lookupCode": "CANCEL",
					"lookupType": "UPLOAD_ACTION",
					"description": "Action column for csv file upload",
					"isActive": "Y",
					"isMandatory": "Y",
					"displayName": "Cancel",
					"displayOrder": "4"
			},
			{
					"lookupCode": "ENTRY_REASON_MONDAY",
					"lookupType": "MANUAL_ENTRY_REASON",
					"description": "Reason for manual entry",
					"isActive": "Y",
					"isMandatory": "Y",
					"displayName": "Because it is Monday",
					"displayOrder": "1"
			},
			{
					"lookupCode": "ENTRY_REASON_DONT_KNOW",
					"lookupType": "MANUAL_ENTRY_REASON",
					"description": "Reason for manual entry",
					"isActive": "Y",
					"isMandatory": "Y",
					"displayName": "I don't know",
					"displayOrder": "2"
			},
			{
					"lookupCode": "ENTRY_REASON_DIFFERENT",
					"lookupType": "MANUAL_ENTRY_REASON",
					"description": "Reason for manual entry",
					"isActive": "Y",
					"isMandatory": "Y",
					"displayName": "Just to be different",
					"displayOrder": "3"
			},
			{
					"lookupCode": "PMT_REASON_MONDAY",
					"lookupType": "PAYMENT_REASON",
					"description": "Reason for manual entry",
					"isActive": "Y",
					"isMandatory": "Y",
					"displayName": "Because it is Monday",
					"displayOrder": "1"
			},
			{
					"lookupCode": "PMT_REASON_DONT_KNOW",
					"lookupType": "PAYMENT_REASON",
					"description": "Reason for manual entry",
					"isActive": "Y",
					"isMandatory": "Y",
					"displayName": "I don't know",
					"displayOrder": "2"
			},
			{
					"lookupCode": "PMT_REASON_DIFFERENT",
					"lookupType": "PAYMENT_REASON",
					"description": "Reason for manual entry",
					"isActive": "Y",
					"isMandatory": "Y",
					"displayName": "Just to be different",
					"displayOrder": "3"
			}
	]