{
  "marketDataServiceRequest": {
    "subscriber": {
      "subscriberName": "TRS",
      "authenticationToken": "trstest"
    },
    "dateSetRequestList": [
      {
        "baseCurrencyCode": "EUR",
        "againstCurrencyCode": "USD",
        "currencyPairCode": "EURUSD",
        "provider": "Bloomberg",
        "tenor": [
          "SPOT"
        ],
        "tenorInDays": [],
        "interpolation": true
      }
    ]
  },
  "responseID": 0,
  "serviceCallStatus": {
    "statusCode": 0,
    "statusDescription": "SUCCESS"
  },
  "dateSetResponseList": [
    {
      "baseCurrencyCode": "EUR",
      "againstCurrencyCode": "USD",
      "currencyPairCode": "EURUSD",
      "provider": "Bloomberg",
      "rateUnit": null,
      "rateValue": "1.090700",
      "inverseRateValue": "0.9168423948",
      "tenor": "SPOT",
      "tenorInDays": null,
      "marketLastUpdatedDate": "10/26/2016 16:51:32.0",
      "pullDate": "10/28/2016 07:04:01.0",
      "pullErrorReason": "SUCCESS",
      "inverseMatch": false
    }
  ],
  "availableCurrencyResponseList": []
}